"","taxon","sample","depth","lon","lat","richness","abundance","sigma"
"1","fish","isrnort010920A",123,34.954783,29.534283,5,10,0.0112509341709317
"2","fish","isrnort010920B",106,34.958767,29.533467,5,7,0.0133849612119
"3","fish","isrnort010920C",80.6,34.959617,29.5352,3,7,2.20446273117728
"4","fish","isrnort010920D",62.2,34.963933,29.536483,9,22,5.26403298002345
"5","fish","isrnort010920E",43.6,34.967567,29.539467,6,9,0.249294927583836
"6","fish","isrnort010920F",31.2,34.9673,29.5422,10,28,1.04063364420211
"7","fish","isrnort010920G",19.6,34.97335,29.542883,11,252,2.24985251615261
"8","fish","isrnort120721A",137,34.96095,29.531067,6,18,2.01377568256343
"9","fish","isrnort120721B",128,34.96285,29.531867,8,9,0.0347179056475233
"10","fish","isrnort120721C",110,34.963733,29.531867,13,39,3.07580512637899
"11","fish","isrnort120721D",81.4,34.965183,29.533483,5,9,0.0118113742862913
"12","fish","isrnort120721E",60.1,34.966883,29.536,26,108,1.65079694376109
"13","fish","isrnort120721F",38.9,34.969867,29.5405,5,8,0.0326061737849961
"14","fish","isrnort120721H",27.9,34.96865,29.5427,16,43,3.56445452851638
"15","fish","isrnort120721I",16.5,34.969,29.54435,6,19,1.68709861854755
"16","fish","isrnort130520A",16.4,34.9649,29.54525,13,31,1.01884305609695
"17","fish","isrnort130520B",29.7,34.9646,29.5435,10,14,1.43995052210546
"18","fish","isrnort130520C",47.5,34.964033,29.539167,8,25,0.854520612529952
"19","fish","isrnort130520D",69.4,34.960617,29.537383,6,8,0.0136396708168165
"20","fish","isrnort130520E",83.3,34.96015,29.534133,5,7,1.43376250599051
"21","fish","isrnort130520F",115,34.955683,29.534083,2,18,0.744061420941681
"22","fish","isrnort130520G",54.6,34.9585,29.540717,7,12,1.93292824772171
"23","fish","isrnort131021A",141,34.950167,29.533267,4,10,6.17727702390082
"24","fish","isrnort131021B",119.9,34.954433,29.534217,6,6,0.111895706761762
"25","fish","isrnort131021C",92.1,34.953567,29.536117,6,10,0.0149077756686561
"26","fish","isrnort131021D",72.6,34.954433,29.538867,6,11,1.62162174116599
"27","fish","isrnort131021E",57,34.956667,29.5409,11,25,3.67014842280136
"28","fish","isrnort131021F",34,34.959883,29.5449,15,51,2.31501735488579
"29","fish","isrnort131021G",125,34.956683,29.533517,7,15,0.514154434528056
"30","fish","isrnort131021H",16.4,34.962033,29.546517,17,85,2.22863307605197
"31","fish","isrnort170321A",137.8,34.960217,29.530867,3,4,0.0195414609133534
"32","fish","isrnort170321B",122.7,34.961483,29.531583,7,16,0.765968498167255
"33","fish","isrnort170321C",89.6,34.962933,29.533283,4,9,0.294985776600761
"34","fish","isrnort170321D",66.4,34.96485,29.536017,9,15,1.31282621668595
"35","fish","isrnort170321E",45.7,34.966833,29.53925,8,14,0.723062014301059
"36","fish","isrnort170321F",25.1,34.9699,29.54315,8,13,0.0126323761280786
"37","fish","isrnort170321G",15.5,34.96715,29.544733,12,18,1.36008512139442
"38","fish","isrnort170321H",112,34.95935,29.533083,3,4,0.0195414609133534
"39","fish","isrnort230220B",28.2,34.96355,29.543083,10,28,0.978262124286978
"40","fish","isrnort230220C",15.2,34.964333,29.544383,10,20,1.1497852585976
"41","fish","isrnort230220D",47.8,34.96189,29.540413,4,4,0.0151422846952663
"42","fish","isrnort230220E",72.4,34.96004,29.535736,7,9,0.0176782790462174
"43","fish","isrnort230220F",91.8,34.958805,29.533348,1,2,0.00941169561488163
"44","fish","isrnort231220B",123,34.966033,29.53105,4,13,0.982630727715292
"45","fish","isrnort231220C",142,34.9652,29.530133,2,3,0.0150563559131666
"46","fish","isrnort231220D",107,34.967117,29.531333,3,4,0.0195414609133534
"47","fish","isrnort231220E",71.9,34.968417,29.533717,6,10,0.00895689841914691
"48","fish","isrnort231220F",50.8,34.97085,29.53745,9,13,0.0318279762905367
"49","fish","isrnort231220G",31.7,34.972517,29.541517,11,56,1.85285851878558
"50","fish","isrnort231220H",25.6,34.973833,29.542183,13,47,1.64880059879301
"51","fish","isrnort231220I",84.2,34.968967,29.531767,8,14,2.46596867760521
"52","fish","isrnort270122A",135,34.952824,29.532963,5,7,1.43376250599051
"53","fish","isrnort270122B",123,34.95823,29.53224,4,6,0.95418307142064
"54","fish","isrnort270122C",135,34.96271,29.530563,7,9,1.75214437552589
"55","fish","isrnort270122D",87.2,34.954906,29.535656,6,12,2.10237564690081
"56","fish","isrnort270122E",72.5,34.958298,29.536814,7,17,0.889570786359743
"57","fish","isrnort270122F",50,34.955708,29.541029,9,22,0.0156429974304637
"58","fish","isrnort270122G",68.4,34.96197,29.53498,5,12,0.89159933962823
"59","fish","isrnort270122H",40.6,34.95998,29.542603,9,32,4.19760937926989
"60","fish","isrnort270122I",32.3,34.96076,29.54403,7,38,0.532687324267195
"61","fish","isrnort270122J",22.1,34.957428,29.546385,5,10,0.0112509341709317
"62","fish","isrwest020920A",135,34.94395,29.5291,5,8,0.0326061737849961
"63","fish","isrwest020920B",117,34.946217,29.532133,4,9,0.0132173373949987
"64","fish","isrwest020920C",86.2,34.9482,29.534383,5,5,0.0432486754923437
"65","fish","isrwest020920D",70,34.94875,29.536583,9,27,1.55772799009887
"66","fish","isrwest020920E",56.7,34.949417,29.538383,8,10,0.0203508702201317
"67","fish","isrwest020920F",37.5,34.946767,29.536067,16,58,3.15274108905588
"68","fish","isrwest020920G",10.5,34.945933,29.537133,11,31,1.47881830831905
"69","fish","isrwest130721A",144,34.929317,29.5063,5,10,0.00772819193455397
"70","fish","isrwest130721D",76.9,34.927367,29.5087,5,12,0.464218242095224
"71","fish","isrwest130721E",94.4,34.931467,29.51095,17,35,1.83058705147954
"72","fish","isrwest130721F",50.6,34.929733,29.51405,27,62,0.891841203243023
"73","fish","isrwest130721G",36,34.924767,29.51005,16,86,4.21826247361185
"74","fish","isrwest130721H",10.5,34.921029,29.506497,41,108,1.04068087420562
"75","fish","isrwest130721I",21.4,34.922367,29.507567,27,137,3.21549648632
"76","fish","isrwest140520A",10.7,34.921067,29.506717,27,58,0.461185331000943
"77","fish","isrwest140520B",26.8,34.924433,29.50955,26,155,3.98656534370942
"78","fish","isrwest140520C",53.8,34.919817,29.5037,11,34,4.71864626949987
"79","fish","isrwest140520D",68.9,34.923683,29.50695,5,6,0.0234870107351228
"80","fish","isrwest140520E",83,34.922017,29.500833,6,10,0.0149077756686561
"81","fish","isrwest140520F",105,34.922267,29.4991,6,10,0.00895689841914691
"82","fish","isrwest141021A",10.3,34.920017,29.50565,19,56,2.66111599004108
"83","fish","isrwest141021B",32.8,34.922017,29.506817,42,141,1.44454857100126
"84","fish","isrwest141021C",145.3,34.927517,29.5042,3,4,0.0195414609133534
"85","fish","isrwest141021D",54.6,34.923167,29.5075,12,15,3.40896852421111
"86","fish","isrwest141021E",121.4,34.926483,29.503667,3,5,0.483210237665936
"87","fish","isrwest141021F",71.8,34.9229,29.505467,6,17,3.74698207822459
"88","fish","isrwest141021G",91,34.92705,29.5061,1,1,0.0896093888935205
"89","fish","isrwest141021H",67.5,34.92395,29.507717,4,18,1.64586520741962
"90","fish","isrwest141021I",45.5,34.922633,29.50725,9,13,0.0114312928976834
"91","fish","isrwest180321A",137,34.9224,29.4975,4,10,0.00786592631325655
"92","fish","isrwest180321B",118.2,34.9201,29.4959,3,3,0.0521168099182725
"93","fish","isrwest180321C",92.3,34.921,29.498733,6,9,0.249294927583836
"94","fish","isrwest180321D",70.6,34.917233,29.498433,5,5,0.0432486754923437
"95","fish","isrwest180321E",53.3,34.918917,29.50145,17,119,3.2467285597699
"96","fish","isrwest180321F",34.3,34.9153,29.49875,20,51,1.26621448699994
"97","fish","isrwest180321G",140,34.923633,29.4986,3,5,0.483210237665936
"98","fish","isrwest180321H",8.1,34.917697,29.501602,25,159,2.21759557559055
"99","fish","isrwest240220A",10,34.91827,29.50192,15,33,1.4366574938553
"100","fish","isrwest240220B",20,34.91016,29.49592,20,80,4.17128006698846
"101","fish","isrwest240220C",40.4,34.91321,29.49511,13,34,1.22406978230099
"102","fish","isrwest240220D",60.9,34.90939,29.49084,2,9,1.57430216938532
"103","fish","isrwest240220E",76.6,34.91415,29.49217,14,43,1.53880527130186
"104","fish","isrwest240220F",103.7,34.91629,29.49311,2,3,0.0150563559131666
"105","fish","isrwest241220A",136,34.9332,29.51215,2,4,0.0217864630935816
"106","fish","isrwest241220B",110.5,34.93455,29.514217,2,3,0.0150563559131666
"107","fish","isrwest241220C",98,34.935533,29.516933,4,12,0.869197134879633
"108","fish","isrwest241220D",67.7,34.935283,29.519583,6,8,1.85427849902116
"109","fish","isrwest241220E",52.8,34.936067,29.522133,25,37,0.670756007166369
"110","fish","isrwest241220F",29.1,34.935683,29.523133,34,76,1.25161434103197
"111","fish","isrwest241220G",24.8,34.937333,29.52525,23,49,0.851318349386451
"112","fish","isrwest241220H",87.2,34.94065,29.524667,3,5,0.483210237665936
"113","fish","isrwest241220I",41.9,34.938733,29.5244,25,76,0.993973912015301
"114","fish","isrwest260122A",140,34.926299,29.502833,4,8,4.60925448473406
"115","fish","isrwest260122B",114,34.919699,29.495409,4,6,0.95418307142064
"116","fish","isrwest260122C",149,34.916886,29.492337,3,3,0.0521168099182725
"117","fish","isrwest260122D",92,34.913954,29.491262,5,6,0.0234870107351228
"118","fish","isrwest260122E",71,34.9172,29.497683,5,6,0.0234870107351228
"119","fish","isrwest260122F",48.4,34.912483,29.495017,22,72,2.00884892495261
"120","fish","isrwest260122G",34.4,34.914748,29.498272,16,30,1.33597569255178
"121","fish","isrwest260122H",16.8,34.908531,29.495314,20,48,2.57886411432852
"122","fish","isrwest260122I",20.1,34.907006,29.494041,21,50,2.10872892329312
"123","fish","isrwest260122J",40.9,34.910249,29.493163,11,32,1.68627870496705
"124","sponges","10q10",10,34.9174723,29.5018611,0,0,NA
"125","sponges","10q11",10,34.9174723,29.5018611,1,1,0.0896093888935205
"126","sponges","10q12",10,34.9174723,29.5018611,0,0,NA
"127","sponges","10q13",10,34.9174723,29.5018611,1,1,0.0896093888935205
"128","sponges","10q14",10,34.9174723,29.5018611,0,0,NA
"129","sponges","10q15",10,34.9174723,29.5018611,0,0,NA
"130","sponges","10q16",10,34.9174723,29.5018611,0,0,NA
"131","sponges","10q17",10,34.9174723,29.5018611,0,0,NA
"132","sponges","10q18",10,34.9174723,29.5018611,1,1,0.0896093888935205
"133","sponges","10q19",10,34.9174723,29.5018611,1,1,0.0896093888935205
"134","sponges","10q2",10,34.9174723,29.5018611,0,0,NA
"135","sponges","10q20",10,34.9174723,29.5018611,1,1,0.0896093888935205
"136","sponges","10q21",10,34.9174723,29.5018611,0,0,NA
"137","sponges","10q22",10,34.9174723,29.5018611,0,0,NA
"138","sponges","10q23",10,34.9174723,29.5018611,1,1,0.0896093888935205
"139","sponges","10q24",10,34.9174723,29.5018611,2,2,0.107545684837639
"140","sponges","10q25",10,34.9174723,29.5018611,0,0,NA
"141","sponges","10q26",10,34.9174723,29.5018611,0,0,NA
"142","sponges","10q27",10,34.9174723,29.5018611,0,0,NA
"143","sponges","10q28",10,34.9174723,29.5018611,0,0,NA
"144","sponges","10q29",10,34.9174723,29.5018611,0,0,NA
"145","sponges","10q3",10,34.9174723,29.5018611,1,2,0.00941169561488163
"146","sponges","10q30",10,34.9174723,29.5018611,0,0,NA
"147","sponges","10q31",10,34.9174723,29.5018611,0,0,NA
"148","sponges","10q32",10,34.9174723,29.5018611,0,0,NA
"149","sponges","10q33",10,34.9174723,29.5018611,0,0,NA
"150","sponges","10q34",10,34.9174723,29.5018611,0,0,NA
"151","sponges","10q35",10,34.9174723,29.5018611,0,0,NA
"152","sponges","10q36",10,34.9174723,29.5018611,1,1,0.0896093888935205
"153","sponges","10q37",10,34.9174723,29.5018611,0,0,NA
"154","sponges","10q38",10,34.9174723,29.5018611,1,1,0.0896093888935205
"155","sponges","10q39",10,34.9174723,29.5018611,2,2,0.107545684837639
"156","sponges","10q4",10,34.9174723,29.5018611,0,0,NA
"157","sponges","10q40",10,34.9174723,29.5018611,0,0,NA
"158","sponges","10q41",10,34.9174723,29.5018611,1,1,0.0896093888935205
"159","sponges","10q42",10,34.9174723,29.5018611,0,0,NA
"160","sponges","10q5",10,34.9174723,29.5018611,1,1,0.0896093888935205
"161","sponges","10q6",10,34.9174723,29.5018611,0,0,NA
"162","sponges","10q7",10,34.9174723,29.5018611,0,0,NA
"163","sponges","10q8",10,34.9174723,29.5018611,0,0,NA
"164","sponges","10q9",10,34.9174723,29.5018611,1,1,0.0896093888935205
"165","sponges","20q1",20,34.9174723,29.5018611,2,2,0.107545684837639
"166","sponges","20q10",20,34.9174723,29.5018611,0,0,NA
"167","sponges","20q11",20,34.9174723,29.5018611,0,0,NA
"168","sponges","20q12",20,34.9174723,29.5018611,0,0,NA
"169","sponges","20q13",20,34.9174723,29.5018611,1,1,0.0896093888935205
"170","sponges","20q14",20,34.9174723,29.5018611,0,0,NA
"171","sponges","20q15",20,34.9174723,29.5018611,2,2,0.107545684837639
"172","sponges","20q16",20,34.9174723,29.5018611,0,0,NA
"173","sponges","20q17",20,34.9174723,29.5018611,1,1,0.0896093888935205
"174","sponges","20q18",20,34.9174723,29.5018611,1,1,0.0896093888935205
"175","sponges","20q19",20,34.9174723,29.5018611,1,1,0.0896093888935205
"176","sponges","20q2",20,34.9174723,29.5018611,1,1,0.0896093888935205
"177","sponges","20q20",20,34.9174723,29.5018611,2,2,0.107545684837639
"178","sponges","20q21",20,34.9174723,29.5018611,1,1,0.0896093888935205
"179","sponges","20q22",20,34.9174723,29.5018611,2,3,0.0150563559131666
"180","sponges","20q23",20,34.9174723,29.5018611,0,0,NA
"181","sponges","20q24",20,34.9174723,29.5018611,0,0,NA
"182","sponges","20q25",20,34.9174723,29.5018611,0,0,NA
"183","sponges","20q26",20,34.9174723,29.5018611,2,2,0.107545684837639
"184","sponges","20q27",20,34.9174723,29.5018611,2,2,0.107545684837639
"185","sponges","20q3",20,34.9174723,29.5018611,0,0,NA
"186","sponges","20q30",20,34.9174723,29.5018611,0,0,NA
"187","sponges","20q31",20,34.9174723,29.5018611,0,0,NA
"188","sponges","20q32",20,34.9174723,29.5018611,1,2,0.00941169561488163
"189","sponges","20q33",20,34.9174723,29.5018611,0,0,NA
"190","sponges","20q34",20,34.9174723,29.5018611,1,1,0.0896093888935205
"191","sponges","20q4",20,34.9174723,29.5018611,1,1,0.0896093888935205
"192","sponges","20q5",20,34.9174723,29.5018611,0,0,NA
"193","sponges","20q6",20,34.9174723,29.5018611,4,4,0.0151422846952663
"194","sponges","20q7",20,34.9174723,29.5018611,0,0,NA
"195","sponges","20q8",20,34.9174723,29.5018611,0,0,NA
"196","sponges","20q9",20,34.9174723,29.5018611,1,1,0.0896093888935205
"197","sponges","50q1",50,34.9174723,29.5018611,1,2,0.00941169561488163
"198","sponges","50q10",50,34.9174723,29.5018611,3,5,0.483210237665936
"199","sponges","50q11",50,34.9174723,29.5018611,1,3,0.00714895645970715
"200","sponges","50q12",50,34.9174723,29.5018611,0,0,NA
"201","sponges","50q13",50,34.9174723,29.5018611,2,9,1.57430216938532
"202","sponges","50q14",50,34.9174723,29.5018611,2,3,0.0150563559131666
"203","sponges","50q15",50,34.9174723,29.5018611,6,12,0.328901559767622
"204","sponges","50q16",50,34.9174723,29.5018611,5,6,0.0234870107351228
"205","sponges","50q17",50,34.9174723,29.5018611,5,7,0.0133849612119
"206","sponges","50q18",50,34.9174723,29.5018611,3,5,0.483210237665936
"207","sponges","50q19",50,34.9174723,29.5018611,4,4,0.0151422846952663
"208","sponges","50q2",50,34.9174723,29.5018611,0,0,NA
"209","sponges","50q20",50,34.9174723,29.5018611,3,4,0.0195414609133534
"210","sponges","50q21",50,34.9174723,29.5018611,3,10,0.466895194104789
"211","sponges","50q22",50,34.9174723,29.5018611,4,8,0.502734348799091
"212","sponges","50q23",50,34.9174723,29.5018611,0,0,NA
"213","sponges","50q24",50,34.9174723,29.5018611,1,1,0.0896093888935205
"214","sponges","50q25",50,34.9174723,29.5018611,5,5,0.0432486754923437
"215","sponges","50q26",50,34.9174723,29.5018611,1,2,0.00941169561488163
"216","sponges","50q27",50,34.9174723,29.5018611,3,4,0.0195414609133534
"217","sponges","50q3",50,34.9174723,29.5018611,1,2,0.00941169561488163
"218","sponges","50q4",50,34.9174723,29.5018611,1,1,0.0896093888935205
"219","sponges","50q5",50,34.9174723,29.5018611,0,0,NA
"220","sponges","50q6",50,34.9174723,29.5018611,1,1,0.0896093888935205
"221","sponges","50q7",50,34.9174723,29.5018611,1,2,0.00941169561488163
"222","sponges","50q8",50,34.9174723,29.5018611,0,0,NA
"223","sponges","50q9",50,34.9174723,29.5018611,0,0,NA
"224","sponges","5q1",5,34.9174723,29.5018611,0,0,NA
"225","sponges","5q10",5,34.9174723,29.5018611,1,1,0.0896093888935205
"226","sponges","5q11",5,34.9174723,29.5018611,2,2,0.107545684837639
"227","sponges","5q12",5,34.9174723,29.5018611,0,0,NA
"228","sponges","5q13",5,34.9174723,29.5018611,0,0,NA
"229","sponges","5q14",5,34.9174723,29.5018611,1,1,0.0896093888935205
"230","sponges","5q15",5,34.9174723,29.5018611,1,1,0.0896093888935205
"231","sponges","5q16",5,34.9174723,29.5018611,0,0,NA
"232","sponges","5q17",5,34.9174723,29.5018611,0,0,NA
"233","sponges","5q18",5,34.9174723,29.5018611,0,0,NA
"234","sponges","5q19",5,34.9174723,29.5018611,1,1,0.0896093888935205
"235","sponges","5q2",5,34.9174723,29.5018611,0,0,NA
"236","sponges","5q20",5,34.9174723,29.5018611,1,1,0.0896093888935205
"237","sponges","5q21",5,34.9174723,29.5018611,2,2,0.107545684837639
"238","sponges","5q22",5,34.9174723,29.5018611,1,1,0.0896093888935205
"239","sponges","5q23",5,34.9174723,29.5018611,1,1,0.0896093888935205
"240","sponges","5q26",5,34.9174723,29.5018611,0,0,NA
"241","sponges","5q27",5,34.9174723,29.5018611,1,1,0.0896093888935205
"242","sponges","5q28",5,34.9174723,29.5018611,1,1,0.0896093888935205
"243","sponges","5q29",5,34.9174723,29.5018611,0,0,NA
"244","sponges","5q3",5,34.9174723,29.5018611,0,0,NA
"245","sponges","5q30",5,34.9174723,29.5018611,0,0,NA
"246","sponges","5q31",5,34.9174723,29.5018611,1,2,0.00941169561488163
"247","sponges","5q32",5,34.9174723,29.5018611,0,0,NA
"248","sponges","5q34",5,34.9174723,29.5018611,0,0,NA
"249","sponges","5q35",5,34.9174723,29.5018611,0,0,NA
"250","sponges","5q36",5,34.9174723,29.5018611,1,1,0.0896093888935205
"251","sponges","5q37",5,34.9174723,29.5018611,0,0,NA
"252","sponges","5q38",5,34.9174723,29.5018611,0,0,NA
"253","sponges","5q39",5,34.9174723,29.5018611,0,0,NA
"254","sponges","5q40",5,34.9174723,29.5018611,0,0,NA
"255","sponges","5q6",5,34.9174723,29.5018611,0,0,NA
"256","sponges","5q7",5,34.9174723,29.5018611,0,0,NA
"257","sponges","5q8",5,34.9174723,29.5018611,0,0,NA
"258","sponges","5q9",5,34.9174723,29.5018611,0,0,NA
"259","sponges","60q1",60,34.9174723,29.5018611,3,3,0.0521168099182725
"260","sponges","60q10",60,34.9174723,29.5018611,3,9,0.190655164358921
"261","sponges","60q11",60,34.9174723,29.5018611,2,3,0.0150563559131666
"262","sponges","60q12",60,34.9174723,29.5018611,5,8,0.0326061737849961
"263","sponges","60q2",60,34.9174723,29.5018611,1,1,0.0896093888935205
"264","sponges","60q8",60,34.9174723,29.5018611,0,0,NA
"265","sponges","10mq1",10,34.9323889,29.5226944,1,1,0.0896093888935205
"266","sponges","10mq10",10,34.9323889,29.5226944,0,0,NA
"267","sponges","10mq11",10,34.9323889,29.5226944,0,0,NA
"268","sponges","10mq12",10,34.9323889,29.5226944,1,1,0.0896093888935205
"269","sponges","10mq13",10,34.9323889,29.5226944,1,1,0.0896093888935205
"270","sponges","10mq14",10,34.9323889,29.5226944,0,0,NA
"271","sponges","10mq15",10,34.9323889,29.5226944,0,0,NA
"272","sponges","10mq16",10,34.9323889,29.5226944,0,0,NA
"273","sponges","10mq17",10,34.9323889,29.5226944,0,0,NA
"274","sponges","10mq18",10,34.9323889,29.5226944,2,2,0.107545684837639
"275","sponges","10mq19",10,34.9323889,29.5226944,0,0,NA
"276","sponges","10mq2",10,34.9323889,29.5226944,1,1,0.0896093888935205
"277","sponges","10mq20",10,34.9323889,29.5226944,1,1,0.0896093888935205
"278","sponges","10mq21",10,34.9323889,29.5226944,0,0,NA
"279","sponges","10mq22",10,34.9323889,29.5226944,1,1,0.0896093888935205
"280","sponges","10mq23",10,34.9323889,29.5226944,0,0,NA
"281","sponges","10mq24",10,34.9323889,29.5226944,1,1,0.0896093888935205
"282","sponges","10mq25",10,34.9323889,29.5226944,0,0,NA
"283","sponges","10mq26",10,34.9323889,29.5226944,1,4,0.00574127591014463
"284","sponges","10mq27",10,34.9323889,29.5226944,0,0,NA
"285","sponges","10mq28",10,34.9323889,29.5226944,1,1,0.0896093888935205
"286","sponges","10mq29",10,34.9323889,29.5226944,0,0,NA
"287","sponges","10mq3",10,34.9323889,29.5226944,0,0,NA
"288","sponges","10mq30",10,34.9323889,29.5226944,0,0,NA
"289","sponges","10mq31",10,34.9323889,29.5226944,0,0,NA
"290","sponges","10mq32",10,34.9323889,29.5226944,0,0,NA
"291","sponges","10mq33",10,34.9323889,29.5226944,0,0,NA
"292","sponges","10mq34",10,34.9323889,29.5226944,2,2,0.107545684837639
"293","sponges","10mq4",10,34.9323889,29.5226944,1,1,0.0896093888935205
"294","sponges","10mq5",10,34.9323889,29.5226944,0,0,NA
"295","sponges","10mq6",10,34.9323889,29.5226944,1,1,0.0896093888935205
"296","sponges","10mq7",10,34.9323889,29.5226944,2,3,0.0150563559131666
"297","sponges","10mq8",10,34.9323889,29.5226944,3,3,0.0521168099182725
"298","sponges","10mq9",10,34.9323889,29.5226944,0,0,NA
"299","sponges","20mq1",20,34.9323889,29.5226944,0,0,NA
"300","sponges","20mq10",20,34.9323889,29.5226944,2,3,0.0150563559131666
"301","sponges","20mq11",20,34.9323889,29.5226944,3,3,0.0521168099182725
"302","sponges","20mq12",20,34.9323889,29.5226944,1,2,0.00941169561488163
"303","sponges","20mq13",20,34.9323889,29.5226944,1,1,0.0896093888935205
"304","sponges","20mq14",20,34.9323889,29.5226944,1,1,0.0896093888935205
"305","sponges","20mq15",20,34.9323889,29.5226944,0,0,NA
"306","sponges","20mq16",20,34.9323889,29.5226944,1,1,0.0896093888935205
"307","sponges","20mq17",20,34.9323889,29.5226944,0,0,NA
"308","sponges","20mq18",20,34.9323889,29.5226944,2,2,0.107545684837639
"309","sponges","20mq19",20,34.9323889,29.5226944,2,2,0.107545684837639
"310","sponges","20mq2",20,34.9323889,29.5226944,0,0,NA
"311","sponges","20mq20",20,34.9323889,29.5226944,0,0,NA
"312","sponges","20mq21",20,34.9323889,29.5226944,1,1,0.0896093888935205
"313","sponges","20mq22",20,34.9323889,29.5226944,1,2,0.00941169561488163
"314","sponges","20mq23",20,34.9323889,29.5226944,3,3,0.0521168099182725
"315","sponges","20mq24",20,34.9323889,29.5226944,3,4,0.0195414609133534
"316","sponges","20mq25",20,34.9323889,29.5226944,1,2,0.00941169561488163
"317","sponges","20mq26",20,34.9323889,29.5226944,2,2,0.107545684837639
"318","sponges","20mq27",20,34.9323889,29.5226944,0,0,NA
"319","sponges","20mq28",20,34.9323889,29.5226944,2,2,0.107545684837639
"320","sponges","20mq29",20,34.9323889,29.5226944,0,0,NA
"321","sponges","20mq3",20,34.9323889,29.5226944,1,1,0.0896093888935205
"322","sponges","20mq30",20,34.9323889,29.5226944,0,0,NA
"323","sponges","20mq31",20,34.9323889,29.5226944,1,1,0.0896093888935205
"324","sponges","20mq32",20,34.9323889,29.5226944,1,1,0.0896093888935205
"325","sponges","20mq33",20,34.9323889,29.5226944,1,1,0.0896093888935205
"326","sponges","20mq34",20,34.9323889,29.5226944,1,1,0.0896093888935205
"327","sponges","20mq4",20,34.9323889,29.5226944,1,2,0.00941169561488163
"328","sponges","20mq5",20,34.9323889,29.5226944,0,0,NA
"329","sponges","20mq6",20,34.9323889,29.5226944,0,0,NA
"330","sponges","20mq7",20,34.9323889,29.5226944,1,1,0.0896093888935205
"331","sponges","20mq8",20,34.9323889,29.5226944,0,0,NA
"332","sponges","20mq9",20,34.9323889,29.5226944,1,1,0.0896093888935205
"333","sponges","50mq10",50,34.9323889,29.5226944,0,0,NA
"334","sponges","50mq11",50,34.9323889,29.5226944,1,1,0.0896093888935205
"335","sponges","50mq12",50,34.9323889,29.5226944,1,1,0.0896093888935205
"336","sponges","50mq13",50,34.9323889,29.5226944,2,3,0.0150563559131666
"337","sponges","50mq14",50,34.9323889,29.5226944,0,0,NA
"338","sponges","50mq15",50,34.9323889,29.5226944,3,3,0.0521168099182725
"339","sponges","50mq17",50,34.9323889,29.5226944,4,9,0.294985776600761
"340","sponges","50mq18",50,34.9323889,29.5226944,2,2,0.107545684837639
"341","sponges","50mq19",50,34.9323889,29.5226944,1,1,0.0896093888935205
"342","sponges","50mq2",50,34.9323889,29.5226944,7,9,1.75214437552589
"343","sponges","50mq20",50,34.9323889,29.5226944,1,2,0.00941169561488163
"344","sponges","50mq21",50,34.9323889,29.5226944,0,0,NA
"345","sponges","50mq22",50,34.9323889,29.5226944,2,2,0.107545684837639
"346","sponges","50mq23",50,34.9323889,29.5226944,0,0,NA
"347","sponges","50mq24",50,34.9323889,29.5226944,0,0,NA
"348","sponges","50mq25",50,34.9323889,29.5226944,0,0,NA
"349","sponges","50mq27",50,34.9323889,29.5226944,0,0,NA
"350","sponges","50mq29",50,34.9323889,29.5226944,0,0,NA
"351","sponges","50mq3",50,34.9323889,29.5226944,0,0,NA
"352","sponges","50mq30",50,34.9323889,29.5226944,0,0,NA
"353","sponges","50mq31",50,34.9323889,29.5226944,2,4,0.0217864630935816
"354","sponges","50mq33",50,34.9323889,29.5226944,3,4,0.0195414609133534
"355","sponges","50mq35",50,34.9323889,29.5226944,0,0,NA
"356","sponges","50mq4",50,34.9323889,29.5226944,2,3,0.0150563559131666
"357","sponges","50mq5",50,34.9323889,29.5226944,3,5,0.483210237665936
"358","sponges","50mq6",50,34.9323889,29.5226944,2,4,0.0217864630935816
"359","sponges","50mq7",50,34.9323889,29.5226944,1,1,0.0896093888935205
"360","sponges","50mq8",50,34.9323889,29.5226944,0,0,NA
"361","sponges","50mq9",50,34.9323889,29.5226944,2,2,0.107545684837639
"362","sponges","5mq10",5,34.9323889,29.5226944,1,1,0.0896093888935205
"363","sponges","5mq11",5,34.9323889,29.5226944,1,1,0.0896093888935205
"364","sponges","5mq12",5,34.9323889,29.5226944,0,0,NA
"365","sponges","5mq13",5,34.9323889,29.5226944,1,1,0.0896093888935205
"366","sponges","5mq14",5,34.9323889,29.5226944,2,2,0.107545684837639
"367","sponges","5mq15",5,34.9323889,29.5226944,1,1,0.0896093888935205
"368","sponges","5mq16",5,34.9323889,29.5226944,0,0,NA
"369","sponges","5mq17",5,34.9323889,29.5226944,2,2,0.107545684837639
"370","sponges","5mq18",5,34.9323889,29.5226944,1,1,0.0896093888935205
"371","sponges","5mq19",5,34.9323889,29.5226944,1,1,0.0896093888935205
"372","sponges","5mq20",5,34.9323889,29.5226944,0,0,NA
"373","sponges","5mq22",5,34.9323889,29.5226944,0,0,NA
"374","sponges","5mq24",5,34.9323889,29.5226944,0,0,NA
"375","sponges","5mq27",5,34.9323889,29.5226944,0,0,NA
"376","sponges","5mq28",5,34.9323889,29.5226944,0,0,NA
"377","sponges","5mq29",5,34.9323889,29.5226944,0,0,NA
"378","sponges","5mq30",5,34.9323889,29.5226944,0,0,NA
"379","sponges","5mq31",5,34.9323889,29.5226944,1,1,0.0896093888935205
"380","sponges","5mq32",5,34.9323889,29.5226944,0,0,NA
"381","sponges","5mq34",5,34.9323889,29.5226944,0,0,NA
"382","sponges","5mq35",5,34.9323889,29.5226944,0,0,NA
"383","sponges","5mq37",5,34.9323889,29.5226944,2,2,0.107545684837639
"384","sponges","5mq38",5,34.9323889,29.5226944,0,0,NA
"385","sponges","5mq4",5,34.9323889,29.5226944,1,1,0.0896093888935205
"386","sponges","5mq40",5,34.9323889,29.5226944,0,0,NA
"387","sponges","5mq41",5,34.9323889,29.5226944,0,0,NA
"388","sponges","5mq42",5,34.9323889,29.5226944,1,1,0.0896093888935205
"389","sponges","5mq43",5,34.9323889,29.5226944,0,0,NA
"390","sponges","5mq44",5,34.9323889,29.5226944,0,0,NA
"391","sponges","5mq45",5,34.9323889,29.5226944,0,0,NA
"392","sponges","5mq5",5,34.9323889,29.5226944,1,1,0.0896093888935205
"393","sponges","5mq7",5,34.9323889,29.5226944,0,0,NA
"394","sponges","5mq8",5,34.9323889,29.5226944,1,1,0.0896093888935205
"395","sponges","5mq9",5,34.9323889,29.5226944,2,2,0.107545684837639
"396","sponges","60mq1",60,34.9323889,29.5226944,1,1,0.0896093888935205
"397","sponges","60mq10",60,34.9323889,29.5226944,4,7,0.0170830434028874
"398","sponges","60mq11",60,34.9323889,29.5226944,1,4,0.00574127591014463
"399","sponges","60mq12",60,34.9323889,29.5226944,0,0,NA
"400","sponges","60mq13",60,34.9323889,29.5226944,1,1,0.0896093888935205
"401","sponges","60mq14",60,34.9323889,29.5226944,4,8,0.018513252156232
"402","sponges","60mq15",60,34.9323889,29.5226944,2,3,0.0150563559131666
"403","sponges","60mq16",60,34.9323889,29.5226944,6,11,0.0162258769745487
"404","sponges","60mq17",60,34.9323889,29.5226944,1,1,0.0896093888935205
"405","sponges","60mq18",60,34.9323889,29.5226944,8,16,1.76077893871275
"406","sponges","60mq19",60,34.9323889,29.5226944,6,11,4.75081411278611
"407","sponges","60mq2",60,34.9323889,29.5226944,5,5,0.0432486754923437
"408","sponges","60mq20",60,34.9323889,29.5226944,4,5,0.0227751140714335
"409","sponges","60mq21",60,34.9323889,29.5226944,1,1,0.0896093888935205
"410","sponges","60mq22",60,34.9323889,29.5226944,5,12,1.42944177068544
"411","sponges","60mq23",60,34.9323889,29.5226944,2,2,0.107545684837639
"412","sponges","60mq24",60,34.9323889,29.5226944,1,2,0.00941169561488163
"413","sponges","60mq25",60,34.9323889,29.5226944,1,1,0.0896093888935205
"414","sponges","60mq26",60,34.9323889,29.5226944,1,5,0.00560826051219393
"415","sponges","60mq27",60,34.9323889,29.5226944,0,0,NA
"416","sponges","60mq28",60,34.9323889,29.5226944,2,6,0.00839019036989545
"417","sponges","60mq29",60,34.9323889,29.5226944,1,1,0.0896093888935205
"418","sponges","60mq3",60,34.9323889,29.5226944,3,5,0.010289232241943
"419","sponges","60mq30",60,34.9323889,29.5226944,2,5,0.00706475667626711
"420","sponges","60mq31",60,34.9323889,29.5226944,1,13,0.00186326282999698
"421","sponges","60mq32",60,34.9323889,29.5226944,6,18,0.831504641198573
"422","sponges","60mq33",60,34.9323889,29.5226944,8,23,1.43870282590992
"423","sponges","60mq4",60,34.9323889,29.5226944,2,2,0.107545684837639
"424","sponges","60mq5",60,34.9323889,29.5226944,4,12,0.0846027788193644
"425","sponges","60mq6",60,34.9323889,29.5226944,4,10,0.0112977840854846
"426","sponges","60mq7",60,34.9323889,29.5226944,4,10,0.0112977840854846
"427","sponges","60mq8",60,34.9323889,29.5226944,0,0,NA
"428","sponges","60mq9",60,34.9323889,29.5226944,2,6,0.00839019036989545
"429","sponges","70mq1",70,34.9323889,29.5226944,4,9,0.294985776600761
"430","sponges","70mq10",70,34.9323889,29.5226944,5,9,0.800212032017649
"431","sponges","70mq11",70,34.9323889,29.5226944,7,28,1.9016609743658
"432","sponges","70mq12",70,34.9323889,29.5226944,5,26,1.6411502781099
"433","sponges","70mq13",70,34.9323889,29.5226944,10,22,0.238215241818268
"434","sponges","70mq14",70,34.9323889,29.5226944,7,17,3.79835281167128
"435","sponges","70mq15",70,34.9323889,29.5226944,7,20,1.69489236300651
"436","sponges","70mq16",70,34.9323889,29.5226944,7,11,1.29876656385767
"437","sponges","70mq17",70,34.9323889,29.5226944,7,13,0.0411056048176022
"438","sponges","70mq18",70,34.9323889,29.5226944,3,7,0.0103157770042349
"439","sponges","70mq19",70,34.9323889,29.5226944,6,14,0.352371084602079
"440","sponges","70mq2",70,34.9323889,29.5226944,2,3,0.0150563559131666
"441","sponges","70mq20",70,34.9323889,29.5226944,4,6,0.95418307142064
"442","sponges","70mq21",70,34.9323889,29.5226944,7,38,0.017463347453311
"443","sponges","70mq22",70,34.9323889,29.5226944,10,19,0.736187641541668
"444","sponges","70mq23",70,34.9323889,29.5226944,5,6,0.0234870107351228
"445","sponges","70mq24",70,34.9323889,29.5226944,3,18,1.17511509117358
"446","sponges","70mq25",70,34.9323889,29.5226944,4,10,6.17727702390082
"447","sponges","70mq26",70,34.9323889,29.5226944,12,28,2.67170881946829
"448","sponges","70mq27",70,34.9323889,29.5226944,0,0,NA
"449","sponges","70mq28",70,34.9323889,29.5226944,7,14,0.00411683629617275
"450","sponges","70mq29",70,34.9323889,29.5226944,3,5,0.483210237665936
"451","sponges","70mq3",70,34.9323889,29.5226944,7,24,0.110767353133994
"452","sponges","70mq30",70,34.9323889,29.5226944,5,20,2.00896269730158
"453","sponges","70mq31",70,34.9323889,29.5226944,3,3,0.0521168099182725
"454","sponges","70mq32",70,34.9323889,29.5226944,6,11,0.0162258769745487
"455","sponges","70mq4",70,34.9323889,29.5226944,3,10,0.0608542612593837
"456","sponges","70mq5",70,34.9323889,29.5226944,4,13,1.08864037196425
"457","sponges","70mq6",70,34.9323889,29.5226944,6,8,0.0136396708168165
"458","sponges","70mq7",70,34.9323889,29.5226944,6,12,0.00975925140812243
"459","sponges","70mq8",70,34.9323889,29.5226944,8,21,1.30634178086328
"460","sponges","70mq9",70,34.9323889,29.5226944,12,20,0.80087143455703
"461","corals stony","1",5,NA,NA,45,194,1.32069061571934
"462","corals stony","2",5,NA,NA,30,151,1.02579509904073
"463","corals stony","3",5,NA,NA,40,182,1.59822105779288
"464","corals stony","4",5,NA,NA,46,245,1.04848878810081
"465","corals stony","5",5,NA,NA,42,229,1.27083100435647
"466","corals stony","1",15,NA,NA,38,108,1.43948124204536
"467","corals stony","2",15,NA,NA,52,207,1.22849778247935
"468","corals stony","3",15,NA,NA,55,169,1.12481647035949
"469","corals stony","4",15,NA,NA,49,130,1.12145444176401
"470","corals stony","5",15,NA,NA,43,87,2.54766010161098
"471","corals stony","1",30,NA,NA,30,74,2.38268522594363
"472","corals stony","2",30,NA,NA,32,94,1.78365467164613
"473","corals stony","3",30,NA,NA,32,93,1.97472908725465
"474","corals stony","4",30,NA,NA,47,126,1.39558169249486
"475","corals stony","5",30,NA,NA,42,130,1.50393713727835
"476","corals stony","1",45,NA,NA,48,141,1.37446739639323
"477","corals stony","2",45,NA,NA,49,169,1.82707819114455
"478","corals stony","3",45,NA,NA,30,94,1.96304253927883
"479","corals stony","4",45,NA,NA,43,124,1.23860000294058
"480","corals stony","5",45,NA,NA,39,148,18.514897888268
"481","corals stony","1",55,NA,NA,46,325,3.08375257535851
"482","corals stony","2",55,NA,NA,40,206,1.91513807774693
"483","corals stony","3",55,NA,NA,44,145,2.27794567932677
"484","corals stony","4",55,NA,NA,51,276,2.10381519805486
"485","corals stony","5",55,NA,NA,48,229,1.87076476529862
"486","corals soft","1",35,NA,NA,4,65,3.54093637821986
"487","corals soft","2",35,NA,NA,4,12,0.869197134879633
"488","corals soft","3",35,NA,NA,5,12,0.0074847145544716
"489","corals soft","4",35,NA,NA,2,35,0.37946416047021
"490","corals soft","5",35,NA,NA,3,15,0.00456497816221655
"491","corals soft","6",35,NA,NA,3,63,2.44289960382037
"492","corals soft","7",35,NA,NA,2,6,0.00839019036989545
"493","corals soft","8",40,NA,NA,4,10,6.17727702390082
"494","corals soft","9",40,NA,NA,3,11,4.2237319651418
"495","corals soft","10",40,NA,NA,2,24,3.71030623839717
"496","corals soft","11",40,NA,NA,5,12,0.226919701185404
"497","corals soft","12",40,NA,NA,6,124,5.63049040495679
"498","corals soft","13",40,NA,NA,4,13,1.08864037196425
"499","corals soft","14",40,NA,NA,4,36,2.54082667514132
"500","corals soft","15",45,NA,NA,5,70,2.71143307534948
"501","corals soft","16",45,NA,NA,8,46,3.33939916668707
"502","corals soft","17",45,NA,NA,2,3,0.0150563559131666
"503","corals soft","18",45,NA,NA,4,8,0.502734348799091
"504","corals soft","19",45,NA,NA,5,36,1.71734199685435
"505","corals soft","20",45,NA,NA,5,5,0.0432486754923437
"506","corals soft","21",45,NA,NA,8,61,3.62160055282055
"507","corals soft","22",35,NA,NA,5,62,2.95142030089951
"508","corals soft","23",35,NA,NA,2,65,1.16825001460851
"509","corals soft","24",35,NA,NA,4,68,6.24954688784717
"510","corals soft","25",35,NA,NA,9,150,2.50601415100441
"511","corals soft","26",35,NA,NA,5,51,2.54839644373749
"512","corals soft","27",35,NA,NA,7,29,1.15340576329774
"513","corals soft","28",35,NA,NA,8,45,0.586330989345594
"514","corals soft","29",35,NA,NA,6,68,1.56101906684822
"515","corals soft","30",40,NA,NA,4,19,0.370920292265438
"516","corals soft","31",40,NA,NA,8,35,2.68278178948007
"517","corals soft","32",40,NA,NA,4,47,1.07021872005062
"518","corals soft","33",40,NA,NA,7,93,3.01465088549333
"519","corals soft","34",40,NA,NA,8,80,1.53731950040586
"520","corals soft","35",40,NA,NA,6,83,1.84597865931184
"521","corals soft","36",40,NA,NA,8,24,17.2489579014625
"522","corals soft","37",40,NA,NA,8,56,1.25835990557242
"523","corals soft","38",45,NA,NA,3,68,1.92184029441687
"524","corals soft","39",45,NA,NA,5,12,0.89159933962823
"525","corals soft","40",45,NA,NA,3,21,1.67675209579601
"526","corals soft","41",45,NA,NA,2,42,0.187471486296061
"527","corals soft","42",45,NA,NA,8,37,2.54232391987177
"528","corals soft","43",45,NA,NA,4,48,2.53725140065522
"529","corals soft","44",45,NA,NA,7,30,17.9411327557239
"530","corals soft","45",45,NA,NA,4,41,1.44413305984341
"531","corals soft","46",1,NA,NA,2,13,0.00776659634444875
"532","corals soft","47",1,NA,NA,4,16,1.36258688305003
"533","corals soft","48",1,NA,NA,3,31,0.769008303666294
"534","corals soft","49",1,NA,NA,6,29,0.994428600858476
"535","corals soft","50",1,NA,NA,4,13,0.0102142110310765
"536","corals soft","51",1,NA,NA,4,17,0.791426769824372
"537","corals soft","52",1,NA,NA,6,28,0.0125733339256464
"538","corals soft","53",1,NA,NA,3,12,0.817822995252478
"539","corals soft","54",1,NA,NA,7,185,1.01702927889486
"540","corals soft","55",1,NA,NA,5,59,1.52462875393511
"541","corals soft","56",1,NA,NA,1,34,0.00225975900186096
"542","corals soft","57",1,NA,NA,3,44,0.730425995713504
"543","corals soft","58",1,NA,NA,4,25,2.27510474747876
"544","corals soft","59",1,NA,NA,4,95,1.18970360819245
"545","corals soft","60",1,NA,NA,2,47,1.96522718083702
"546","corals soft","61",1,NA,NA,4,26,1.53719639717509
"547","corals soft","62",1,NA,NA,4,70,0.977109971472528
"548","corals soft","63",1,NA,NA,3,28,1.15313043755547
"549","corals soft","64",1,NA,NA,4,186,2.05578864678417
"550","corals soft","65",1,NA,NA,2,61,0.00208488113723031
"551","corals soft","66",1,NA,NA,3,27,2.03878223938786
"552","corals soft","67",1,NA,NA,3,8,0.0116458843620061
"553","corals soft","68",3,NA,NA,2,164,0.00177673896342994
"554","corals soft","69",3,NA,NA,5,105,1.64141166092728
"555","corals soft","70",3,NA,NA,3,9,4.08273344351772
"556","corals soft","71",3,NA,NA,8,161,2.21954721218739
"557","corals soft","72",3,NA,NA,4,43,1.65908619518871
"558","corals soft","73",3,NA,NA,2,35,0.55052750283407
"559","corals soft","74",3,NA,NA,4,183,2.65335540285848
"560","corals soft","75",3,NA,NA,3,13,0.0057653177782276
"561","corals soft","76",3,NA,NA,3,15,0.0237778262088023
"562","corals soft","77",3,NA,NA,5,19,0.883450807953622
"563","corals soft","78",3,NA,NA,5,58,0.637521930861244
"564","corals soft","79",3,NA,NA,7,36,0.227539916552623
"565","corals soft","80",3,NA,NA,6,50,1.15145426169522
